Lorita Mccleery	16
Sudie Linwood	39
Louetta Simas	70
Susanna Whatley	64
Yuk Kilian	39
Willena Carone	29
Rosalia Mangan	50
Lanell Neiss	45
Effie Okada	59
Felix Helmer	44
Steven Boros	15
Kaleigh Gosser	69
Mina Dano	17
Hung Goin	14
Shin Tyler	50
Taneka Nevarez	42
Sharla Reisch	65
Lyle Lucca	38
Alica Buice	58
Madelene Mchargue	48
Paula Hern	48
Octavia Fargo	13
Le Vara	45
Pearline Glidden	69
Leslie Scheu	40
Natacha Guzman	41
Sheena Kimmell	66
Shanon Provencher	22
Ocie Dahm	39
Gerard Bolger	33
Minnie Roseboro	35
Deangelo Siddiqui	62
Aleisha Raabe	44
Etta Reeb	54
Carolina Traylor	29
Javier Paulsen	26
Nellie Burstein	20
Maudie Mcadory	65
Gayle Degarmo	18
Homer Facer	50
Lynna Slater	69
Ivana Garren	39
Devora Embree	33
Noriko Hendershott	49
Leontine Sok	29
Enid Violet	71
Margit Sleeper	20
Joseph Brindley	70
Melvin Cumbo	58
Sharita Skelly	65
Juliann Gilden	54
Johnna Sherwin	12
Candi Pledger	57
Brock Mudge	14
Keila Liverman	49
Keith Welty	55
Clemencia Leverette	17
Sonja Sircy	63
Carmelita Stites	57
Caprice Muse	69
Danille Zinke	19
Rosana Silas	63
Ellis Obermiller	51
Nickole Hodgin	53
Julianne Merriam	12
Devin Creswell	17
Mercy Bethune	25
Shantel Borunda	65
Lyla Scheetz	15
Maryellen Bickers	65
Caroyln Laven	38
Murray Petrovich	28
Darron Norvell	59
Suk Hovland	66
Lanie Wansley	58
Coralee Vitti	26
Exie Decuir	21
Saul Drapeau	49
Chasity Auerbach	39
Cristen Chon	37
Lisabeth Riddles	53
Louise Guillotte	57
Bessie Moeckel	67
Rema Nordberg	58
Kena Shack	22
Tobie Dufault	30
Wes Tyrrell	43
Romana Garbutt	57
Stella Eldredge	54
Hassie Lumley	64
Carrie Blaine	29
Season Palko	30
Veronica Havis	67
Shiela Urso	37
Kira Thill	15
Neda Acebedo	16
Marisha Dionisio	59
Hildred Bien	60
Jannie Cortez	15
Theodora Mcgrane	44
